0,47,150
1,66,146
2,149,150
3,106,149
4,101,149
5,46,123
6,150,151
7,77,148
8,62,147
9,49,149
10,49,147
11,73,149
12,56,147
13,103,150
14,79,150
15,45,149
16,60,149
17,61,33
18,83,137
19,101,150
20,150,151
21,78,41
22,67,63
23,70,147
24,150,151
25,61,33
26,150,151
27,32,137
28,22,146
29,115,150
30,59,148
31,64,147
32,69,150
33,75,55
34,27,149
35,77,150
36,150,151
37,96,148
38,105,141
39,79,150
40,137,149
41,51,147
42,144,90
43,45,40
44,24,148
45,41,40
46,64,147
47,45,148
48,81,76
49,40,134
50,92,150
51,37,33
52,125,150
53,103,147
54,52,30
55,99,144
56,115,149
57,67,140
58,128,147
59,85,145
60,55,143
61,73,132
62,148,149
63,42,35
64,148,149
65,116,148
66,95,148
67,106,148
68,67,144
69,60,146
70,23,138
71,150,151
72,53,145
73,77,132
74,64,150
75,59,150
76,110,73
77,47,148
78,68,30
79,143,147
80,50,29
81,32,150
82,19,148
83,58,52
84,81,138
85,65,54
86,102,149
87,39,143
88,94,144
89,149,150
90,122,146
91,46,146
92,49,150
93,43,147
94,148,149
95,82,146
96,66,150
97,66,62
98,63,150
99,54,147
100,35,150
101,150,151
102,122,147
103,36,150
104,42,27
105,50,150
106,147,148
107,81,150
108,104,142
109,97,149
110,83,134
111,58,149
112,24,150
113,78,128
114,35,150
115,84,143
116,124,150
117,51,150
118,118,140
119,23,150
120,45,149
121,54,150
122,59,146
123,87,149
124,52,51
125,60,44
126,120,135
127,70,148
128,61,51
129,67,37
130,16,147
131,76,149
132,48,140
133,77,148
134,52,149
135,81,149
136,40,131
137,149,150
138,103,44
139,139,140
140,55,148
141,41,150
142,150,151
143,108,147
144,33,146
145,33,150
146,34,30
147,146,147
148,93,147
149,150,151
150,70,150
151,88,147
152,68,150
153,35,148
154,68,150
155,67,149
156,150,151
157,108,41
158,92,148
159,43,34
160,52,51
161,31,147
162,72,150
163,90,148
164,127,150
165,44,150
166,71,149
167,112,150
168,36,146
169,120,148
170,73,150
171,35,150
172,34,33
173,86,150
174,38,146
175,111,148
176,93,146
177,78,147
178,83,150
179,150,151
180,150,85
181,136,149
182,150,151
183,62,150
184,150,151
185,64,40
186,149,150
187,49,149
188,56,44
189,33,150
190,150,151
191,74,72
192,98,150
193,24,142
194,19,141
195,150,151
196,47,150
197,72,146
198,50,149
199,103,147
200,68,30
201,88,147
202,89,44
203,63,149
204,109,24
205,28,145
206,149,150
207,38,149
208,150,94
209,33,150
210,59,45
211,35,148
212,149,150
213,62,57
214,88,148
215,78,147
216,56,147
217,97,61
218,54,148
219,56,149
220,52,150
221,42,148
222,104,149
223,22,149
224,31,138
225,48,149
226,37,150
227,107,147
228,58,130
229,59,143
230,122,148
231,150,151
232,150,151
233,64,149
234,22,150
235,130,139
236,26,149
237,60,146
238,42,147
239,103,149
240,76,149
241,51,145
242,76,150
243,77,146
244,148,149
245,30,149
246,64,150
247,32,147
248,87,66
249,18,150
250,49,30
251,71,150
252,56,150
253,43,39
254,150,151
255,89,148
256,49,30
257,44,147
258,58,38
259,103,149
260,73,146
261,69,52
262,148,149
263,59,35
264,89,144
265,98,148
266,29,145
267,98,150
268,150,151
269,11,146
270,96,95
271,12,150
272,84,76
273,52,34
274,100,133
275,41,148
276,60,149
277,150,151
278,85,142
279,102,150
280,79,149
281,72,150
282,101,57
283,39,150
284,150,151
285,120,149
286,12,150
287,97,149
288,91,150
289,44,41
290,55,149
291,82,136
292,17,150
293,76,149
294,40,30
295,59,149
296,107,143
297,37,149
298,19,147
299,117,147
300,36,147
301,92,149
302,50,147
303,49,150
304,150,151
305,150,151
306,39,150
307,106,150
308,38,147
309,57,150
310,100,150
311,53,35
312,79,64
313,75,142
314,11,148
315,149,150
316,150,151
317,63,148
318,148,149
319,68,128
320,150,151
321,73,148
322,150,151
323,117,147
324,74,149
325,150,151
326,100,149
327,19,149
328,38,149
329,58,52
330,101,145
331,51,150
332,58,148
333,33,149
334,78,149
335,64,43
336,66,145
337,150,151
338,52,148
339,49,149
340,126,150
341,150,151
342,50,140
343,79,146
344,150,151
345,100,137
346,150,151
347,69,150
348,84,139
349,70,148
350,86,148
351,100,148
352,55,150
353,142,148
354,83,150
355,110,146
356,64,147
357,83,143
358,74,72
359,16,148
360,150,84
361,72,147
362,59,149
363,67,40
364,81,146
365,71,148
366,80,150
367,104,150
368,89,150
369,58,39
370,15,147
371,38,146
372,65,33
373,80,146
374,83,41
375,63,150
376,83,55
377,150,151
378,150,151
379,61,143
380,29,149
381,70,148
382,95,43
383,50,150
384,150,151
385,39,150
386,150,151
387,64,148
388,105,25
389,18,149
390,126,150
391,37,33
392,68,150
393,26,148
394,71,135
395,72,146
396,150,151
397,81,62
398,68,150
399,72,130
400,80,54
401,150,151
402,81,148
403,20,145
404,138,149
405,149,150
406,59,150
407,150,151
408,150,151
409,64,27
410,70,150
411,150,151
412,80,148
413,19,138
414,65,134
415,104,149
416,20,139
417,66,28
418,83,149
419,45,41
420,65,149
421,32,145
422,149,150
423,51,145
424,149,150
425,150,151
426,64,40
427,137,149
428,93,77
429,68,30
430,29,148
431,109,142
432,106,150
433,86,150
434,87,150
435,65,148
436,49,147
437,54,148
438,75,147
439,68,61
440,67,148
441,79,144
442,96,139
443,124,144
444,145,90
445,32,149
446,99,150
447,48,149
448,39,137
449,150,151
450,22,147
451,149,150
452,80,150
453,48,149
454,67,148
455,59,150
456,97,150
457,78,27
458,145,149
459,77,150
460,88,150
461,94,150
462,49,146
463,47,148
464,150,151
465,68,54
466,149,150
467,150,151
468,74,148
469,54,148
470,78,42
471,60,46
472,81,145
473,117,150
474,68,60
475,42,149
476,61,150
477,105,141
478,150,151
479,150,151
480,57,31
481,101,144
482,52,147
483,71,148
484,51,144
485,39,148
486,55,150
487,148,149
488,132,147
489,150,151
490,150,151
491,93,148
492,129,150
493,47,39
494,15,133
495,47,139
496,98,73
497,36,148
498,27,149
499,58,128
